prompt_index,absolute_position,token_id,token,mean_attention,normalized_prompt_share,times_top1_within_prompt
0,212,74785,Describe,0.0027825713623315096,0.2716172933578491,4
1,213,419,Ġthis,0.0027204276993870735,0.26555120944976807,0
2,214,2168,Ġimage,0.004741457290947437,0.4628315269947052,104
