prompt_index,absolute_position,token_id,token,mean_attention,normalized_prompt_share,times_top1_within_prompt
0,620,41800,Describe,0.0023054522462189198,0.2902129590511322,4
1,621,437,Ġthis,0.0015667530242353678,0.1972246617078781,0
2,622,3324,Ġimage,0.0040717963129282,0.5125623345375061,74
